location_id,air_pollution_pm_2_5,observed
6,51.716835288060295,1
7,30.9955708336167,1
8,22.602295834580694,1
10,24.604972624882606,1
11,16.2457454463386,1
12,24.2008326910433,1
13,15.4018004368974,1
14,7.428240632184,1
15,35.6204874587656,1
16,17.663717067466603,1
17,9.82938323003748,1
18,25.32737909790709,1
19,19.128859123606397,1
20,29.4497477404739,1
22,10.5815040513583,1
23,10.3468124409631,1
24,9.93600610326849,1
25,10.9881167320969,1
26,11.6198191854074,1
27,11.2455857325435,1
28,11.458765615606,1
29,10.5173872636777,1
30,11.4038894146279,1
33,33.0003131404348,1
34,19.681274803240303,1
35,22.191180434895397,1
36,13.7018312218839,1
37,20.4480924104631,1
38,39.643401723628,1
39,45.7559920543301,1
40,20.4819555926008,1
41,27.4353609857693,1
43,17.894375813822602,1
44,27.65676555314149,1
45,18.9521395823975,1
46,17.311935357269498,1
47,15.673202351075899,1
48,15.4613983072283,1
49,29.8183332900991,1
50,20.1799051077605,1
51,20.338068337589604,1
52,14.371976544325,1
53,24.454074623164,1
54,17.2465494476333,1
55,15.6857563109277,1
57,18.7143385738226,1
58,6.59829545562806,1
59,13.0896199285142,1
60,11.513692343038,1
61,16.037842579561,1
62,15.925544870678596,1
63,19.408244912039105,1
66,5.33243944544653,1
67,11.3238136689651,1
68,24.610420043710004,1
69,19.070333386643103,1
71,8.46732864654382,1
72,5.82000971828712,1
74,11.6329243113133,1
75,12.3049170645851,1
76,12.641907936604,1
77,16.9717641498277,1
78,9.868526386148641,1
79,5.7097650721054105,1
80,11.5501918394727,1
81,11.6060873340217,1
82,15.8106441531854,1
83,6.311744580677559,1
84,8.03003435618603,1
85,18.8762507558994,1
86,16.1192959980308,1
87,9.741278566703519,1
88,13.6242503244795,1
89,11.7153322643188,1
90,6.71387204672698,1
91,7.81375522809101,1
92,9.57176942162438,1
93,6.05332299101313,1
94,9.696537937391009,1
95,10.1973142229746,1
97,13.1132986987257,1
98,20.251446613561498,1
99,8.930392252997132,1
101,6.2536107633313,1
102,7.1158284586128495,1
105,18.212600945777897,1
106,16.940375037686806,1
107,22.487109110930295,1
108,22.2449499797393,1
109,19.2155433050307,1
110,19.061758466661,1
111,13.2651293668264,1
112,22.168178576266108,1
113,22.316319186839,1
114,15.5722153726093,1
115,13.114675710196,1
116,21.8740574493963,1
117,21.6775753307795,1
118,24.3398941740596,1
119,23.5549429265028,1
121,20.8446663608072,1
122,14.418607040321,1
123,24.4332350755346,1
125,15.8372289553789,1
126,15.436007836116099,1
127,24.0832289161416,1
128,23.2307287236518,1
129,20.012090605228398,1
130,20.0686229821836,1
131,17.0308416897536,1
132,11.0766667665609,1
133,16.384534473769698,1
135,12.343365568940499,1
136,11.1049073277249,1
139,39.872405761048796,1
140,71.4465744730405,1
141,88.62337545489349,1
142,39.0830212263982,1
143,62.121073751064394,1
144,33.338374589253505,1
145,60.9283221921057,1
146,30.643966364183804,1
147,53.870979298348395,1
148,32.4194248337525,1
149,32.2822270015376,1
150,43.84882698256021,1
151,91.5571147577583,1
152,88.1837050916178,1
153,44.97360200992341,1
154,39.0584624796685,1
155,44.7225899532736,1
156,41.0685126557401,1
157,51.6859704068258,1
160,56.3975017836186,1
161,61.464310853577395,1
162,34.1052333800978,1
163,91.4971586392639,1
164,95.67886980438408,1
165,58.7139841822687,1
168,32.2846129813129,1
169,59.528959594706706,1
170,48.3000157234601,1
171,43.0968229642064,1
172,55.9751096917846,1
173,46.246317979031105,1
175,37.76422521391171,1
176,20.4578177316571,1
177,46.237604038273794,1
178,50.6319120183228,1
179,39.174049550029004,1
180,28.5359588402851,1
181,22.5367641507035,1
182,23.365655937474397,1
183,14.3287027326666,1
184,20.9326085861348,1
185,42.4413655818917,1
186,20.0032483889448,1
187,32.303867304509694,1
189,28.589884547045003,1
190,51.4950251129176,1
191,26.817369742624802,1
193,22.993578600218505,1
194,27.6261005235463,1
195,25.8375349700339,1
196,24.7587912180753,1
197,16.9804249564868,1
198,21.631267285048104,1
200,39.1927209750216,1
201,43.281748155100004,1
202,74.807030798347,1
203,35.178294132194,1
204,65.8957520985273,1
205,26.8632514014852,1
206,34.2033264714865,1
207,36.8884981495023,1
208,26.045904377800397,1
209,30.9207291548455,1
210,18.051556475195,1
211,38.164696264441,1
212,48.0502839384151,1
213,95.35141448866159,1
214,74.7668111526187,1
215,28.467989896588698,1
216,40.0869035419384,1
217,21.98257983583489,1
218,38.2314918238825,1
298,12.277977562732199,1
305,11.420795348399901,1
320,12.694385159258301,1
349,11.304274137887194,1
351,11.4591338654845,1
354,25.753673276658002,1
361,30.1138894235408,1
367,12.446885247393901,1
369,12.3727924386798,1
374,11.5932042024664,1
376,9.680595971445278,1
380,11.844612397230199,1
385,8.20494981203135,1
393,12.226264162036,1
396,13.7548496484326,1
413,12.1816483259218,1
416,10.6721539500716,1
422,10.0809441932432,1
433,8.38597742594345,1
434,7.01478946996102,1
435,45.5604338545057,1
482,22.440873182594103,1
483,29.0808880412958,1
484,32.395573283902394,1
485,19.9706308373663,1
486,17.4549658407701,1
487,20.3659479321703,1
488,29.3335079140069,1
489,24.521771894696396,1
490,22.919446658004198,1
491,55.142202616594716,1
492,83.0341811162158,1
493,50.7379248384385,1
494,27.735465454088203,1
495,40.712127598997,1
496,33.9269065639154,1
497,36.796753358701,1
498,33.7145328636572,1
499,18.656866727420105,1
500,83.3996735926793,1
501,41.8555401747912,1
502,73.9848824689996,1
503,57.4726956156133,1
504,46.950989391756295,1
505,35.9739923493206,1
506,58.978053013578396,1
507,39.006898314180106,1
508,48.2863728271181,1
509,52.5412635096414,1
510,46.5800008659295,1
511,42.2034224957199,1
512,54.81933988666929,1
513,68.9664411834761,1
514,53.86395825847771,1
515,55.384934662964795,1
516,47.2383208027017,1
517,84.4804238799573,1
518,21.921761488832693,1
519,65.4427096141181,1
520,26.061145992351197,1
521,42.820209719228295,1
522,56.6512914164513,1
523,7.74633878269526,1
524,5.811582735430172,1
525,6.51105500963792,1
526,7.55016449556774,1
527,8.343647319946081,1
528,5.18862666317563,1
529,6.3208033865185,1
530,7.477566206993001,1
531,7.856979704429443,1
532,5.81363011629719,1
533,8.05211956454625,1
534,3.9358876882283393,1
535,5.176219888888,1
536,8.407722951531369,1
537,8.556262725330981,1
538,6.93038055992719,1
539,6.6682945300080085,1
540,7.6993970954309425,1
541,7.16248721995,1
542,4.50701888107228,1
543,7.55889372215663,1
544,5.57858789384473,1
545,7.00140529220997,1
546,5.83254631582846,1
547,7.441863057382928,1
548,7.2469694565342415,1
549,4.77975900730672,1
550,6.3265772639082005,1
551,6.247787289142059,1
552,4.89522747846235,1
553,7.30449132568785,1
554,4.4270515978683,1
555,6.47251440170647,1
556,6.92568999828087,1
557,4.64408917215744,1
558,8.1260133960297,1
559,7.374830891934612,1
560,5.109824551252268,1
561,8.06436995352137,1
562,5.86395086659863,1
563,7.23910310430984,1
564,5.27533351744851,1
565,7.1261733217406,1
566,8.0094405548055,1
567,6.441015001535519,1
568,4.520561148435389,1
569,6.572665476976041,1
570,4.8290578089324905,1
571,6.70172172973165,1
572,6.90380817544963,1
573,3.5274910902839,1
4618,8.53820730716864,1
4619,9.980597428387,1
4620,10.527235552160901,1
4621,10.2907395669825,1
4622,10.6435769485166,1
4623,10.8604167623375,1
4624,12.722548590513501,1
4625,10.464492869801301,1
4626,9.43103032227392,1
4636,9.20603557447819,1
4643,21.2112718878982,1
4644,28.1333436610361,1
4645,24.1929208711049,1
4646,21.790874098533106,1
4647,19.5290307289585,1
4648,20.5837594519618,1
4649,21.793242240709,1
4650,19.9447432385915,1
4651,19.0580825988215,1
4652,18.1747678384451,1
4653,18.2599081307289,1
4654,16.483511217832802,1
4655,16.057972931058302,1
4656,21.7992322983292,1
4657,18.2636566803158,1
4658,16.364888681696698,1
4659,18.0727467038148,1
4660,19.3326548249603,1
4661,25.5731451494415,1
4662,16.9335304037447,1
4663,18.4670506011492,1
4664,17.5685563295278,1
4665,31.610393213690198,1
4666,17.384158177254697,1
4667,24.774347698464602,1
4668,25.5503937534971,1
4669,24.3824875975005,1
4670,17.7210891779005,1
4671,16.909018420664,1
4672,19.259531543336,1
4673,26.4344036404043,1
4674,15.8780980512994,1
4709,19.441417425750306,1
4710,23.2677951542428,1
4711,12.3093668616722,1
4712,16.8080466907569,1
4713,17.1135405813208,1
4714,23.4773122246137,1
4715,14.972004919693804,1
4716,20.6796387640126,1
4717,18.7764629694608,1
4718,22.871006458624002,1
4719,8.27424438231341,1
4720,24.5489320500564,1
4721,18.2436131692806,1
4722,13.8923932287142,1
4723,11.232256494531901,1
4724,14.735141877044802,1
4725,19.1604601720009,1
4726,14.218120134172802,1
4727,13.2887637437753,1
4728,12.195652996842801,1
4729,11.905362767748402,1
4730,12.490296020767099,1
4731,13.541856863708501,1
4732,10.596696012951801,1
4733,10.931400289409199,1
4734,10.4855149421203,1
4735,10.9896186982476,1
4736,11.012615273972699,1
4737,11.2330609626216,1
4738,10.2765532141473,1
4739,9.115227852003141,1
4740,8.928648865489743,1
4741,8.80997030765468,1
4742,10.4649474730472,1
4749,10.625054023790302,1
4750,12.972886047270201,1
4751,7.33282107438833,1
4752,11.502603581739399,1
4753,12.738170616323302,1
4754,10.2416133889836,1
4755,8.89409773962288,1
4756,37.5109403910197,1
4757,10.115873471231305,1
4758,29.6242717200708,1
4759,10.371034536732001,1
4760,14.004154687407,1
4761,11.0713883355917,1
4762,17.5592668305732,1
4763,12.5461372070004,1
4764,7.37060230720347,1
4765,8.802430654347472,1
4766,7.3288234587509296,1
4767,10.169047961125699,1
4768,13.2099861877046,1
4769,7.57687026158126,1
4770,13.476590569238,1
4771,11.115095497411001,1
4772,9.75621909386187,1
4773,9.486309173292499,1
4774,7.08249192160725,1
4775,13.1277018930168,1
4776,20.05583314285069,1
4841,36.8132718126501,1
4842,24.9383198217237,1
4843,38.5350739408264,1
4844,167.22023915332701,1
4846,51.204825713182004,1
4849,217.461693653588,1
4850,23.237864444421202,1
4851,48.407831334590504,1
4852,123.417111827922,1
4853,36.6118415477577,1
4854,53.6917755941614,1
4855,86.825686387873,1
4856,31.3255708752045,1
4857,16.4811705575409,1
4859,74.57561976725799,1
4860,57.1200885275908,1
4861,40.1445510837389,1
4862,35.4759784394962,1
4863,32.0576294123328,1
4864,39.3302603933578,1
4865,48.2947158559394,1
4867,80.8033152413889,1
4868,91.62517777906471,1
4869,48.99584522335521,1
4870,38.1770783909478,1
4871,46.66211516863849,1
4872,44.501235155889304,1
4873,180.711185812614,1
4874,66.095060441358,1
4875,79.15163318240491,1
4910,7.77797666706725,1
4911,7.82632433200248,1
4912,6.11611917558933,1
4913,6.12940816764909,1
4914,8.10771527823602,1
4915,7.34096464206588,1
4916,7.8183761512317895,1
4917,6.73886078343159,1
4918,6.94653843937064,1
4919,6.986774042454281,1
4920,6.68208890746999,1
4921,5.62196957320763,1
4922,5.20301694344708,1
4923,5.7250440479476605,1
4926,6.31916280829116,1
4927,4.96040049422242,1
4928,3.80640558193602,1
4940,6.14778497263841,1
4944,5.7300178258629595,1
25318,49.584597526161296,1
25319,84.36996411340209,1
25320,55.767764261853706,1
25321,35.881355531652495,1
25322,115.148790813535,1
25323,45.3142332689682,1
25324,52.80870520562139,1
25325,79.09083992462492,1
25326,57.302583174036506,1
25327,42.02809905922,1
25328,36.8495261782067,1
25329,39.2264300753042,1
25330,40.3763934135159,1
25331,27.5529482951459,1
25332,67.3152005433041,1
25333,98.14636050937,1
25334,41.4852396417824,1
25335,130.938381345099,1
25336,114.546943654487,1
25337,148.26376109564399,1
25338,145.281685313567,1
25339,81.8667393714473,1
25340,40.1280219262497,1
25341,53.004694531790285,1
25342,30.682066873919002,1
25343,64.29765711227411,1
25344,74.92688428205179,1
25345,33.0241910567398,1
25346,38.6165055572632,1
25347,39.2468540280003,1
25348,39.462464590806,1
25349,81.38810913755201,1
25350,51.7659803940794,1
25351,88.7636536815221,1
25352,92.6129660418599,1
25353,99.1214140335263,1
25354,118.88200951001001,1
35424,7.8173665934816805,1
35425,7.6317063609091695,1
35426,7.74564354623314,1
35427,8.40230476773894,1
35428,8.05101752695144,1
35429,8.260450838800981,1
35430,8.767296716303331,1
35431,9.884692212774947,1
35432,10.0519844233149,1
35433,10.467151624981305,1
35434,12.0040717760427,1
35435,10.3091933968599,1
35436,13.8572885642038,1
35437,12.405643638833102,1
35438,9.6017144573773,1
35439,10.5365246329544,1
35440,10.8062356747304,1
35441,10.485899697330199,1
35442,10.151152427367801,1
35443,9.798044659349367,1
35444,10.7140035093205,1
35445,10.317971374444,1
35446,11.993078922309802,1
35447,10.198603782760301,1
35448,10.6601672552248,1
35449,10.6458654167995,1
35450,12.6426560019995,1
35451,10.985826240976401,1
35452,10.6612434925074,1
35453,9.70258105300093,1
35454,10.8046722271202,1
35455,10.3687894825672,1
35456,10.5946356227484,1
35457,9.96508362582056,1
35458,10.0119545679834,1
35459,10.130088840566401,1
35460,10.4568313683078,1
35461,9.92846810602356,1
35462,10.3206102056859,1
35463,13.444074244411599,1
35464,13.9048980503596,1
35465,15.1913295115359,1
35466,13.818876686851802,1
35467,10.844383968389401,1
35468,12.269387261512305,1
35469,13.6276100545051,1
35470,13.374208177363201,1
35494,18.6567014980256,1
35495,10.4727734711641,1
35496,11.8385297786916,1
35497,22.8096028308527,1
35498,10.193349660515599,1
35499,13.0201439542494,1
35500,21.9907432420912,1
35501,14.4572307666675,1
35502,16.4569304961154,1
35503,13.5026014537899,1
35504,13.010732669310201,1
35505,12.441450928998801,1
35506,15.702368025722802,1
35507,13.801194199175999,1
35508,9.924822410974901,1
35509,14.3921016082759,1
35510,11.362776844171501,1
35511,9.28575450492045,1
35512,11.1540059050154,1
35513,13.226218654720599,1
35514,9.11375602755489,1
35617,31.258479007988896,1
35618,29.9497488045193,1
35619,38.4040511965823,1
35620,40.260830492084104,1
35621,32.110528945845196,1
35622,22.503714670810105,1
35623,26.532457251969102,1
35624,36.122726771390795,1
35625,28.81138317199989,1
35626,23.1081201082808,1
35627,36.1464224825976,1
35628,30.4205646531765,1
35629,21.654222942020105,1
35630,22.6750212413041,1
35631,22.3621948989855,1
35632,31.992903168754893,1
35633,36.0242677461909,1
35634,23.089001696638498,1
35635,22.590082758681607,1
35636,26.0426520270793,1
35637,24.5257361922809,1
35638,21.349633691594697,1
35639,21.7315191047284,1
35640,30.6973493673103,1
35641,32.0483346683992,1
35642,23.660539911045397,1
35643,33.6883401763578,1
35644,24.88114432465889,1
35645,22.453228030066104,1
35646,20.3272301525795,1
35647,26.5745978224634,1
35648,33.3035382157163,1
35649,27.844011502421303,1
35650,31.261402188889107,1
35651,25.0691190091039,1
35652,23.0893993913105,1
35653,29.1409163057792,1
35654,39.163575547314,1
35655,21.9763264736766,1
35656,24.146641201415505,1
35657,23.559620576271602,1
35658,34.67704580407189,1
35659,36.8255037867284,1
35660,32.3758221953312,1
35661,34.7105222897157,1
35662,30.03501066488911,1
35663,35.845791200201894,1
43872,36.497228061647704,1
43873,28.61121306953569,1
43874,43.0282929492694,1
43875,177.28608272758098,1
43877,54.6676116232709,1
43880,217.676620713147,1
43881,24.4688239481336,1
43882,59.4677156500109,1
43883,153.59771733288602,1
43884,39.6609030776341,1
43885,68.99023314944321,1
43886,83.5067778506425,1
43887,37.79397183030571,1
43888,16.5848504063314,1
43890,79.85117454867991,1
43891,66.7566756552926,1
43892,45.7142417136469,1
43893,36.017997704841,1
43894,32.689287597718895,1
43895,42.1144573095215,1
43896,53.702276814748295,1
43898,86.12170264496609,1
43899,104.00346648685,1
43900,50.5567531107016,1
43901,49.2691418130663,1
43902,54.0176047554978,1
43903,49.428668962945785,1
43904,180.36465224701,1
43905,78.84338961103158,1
43906,89.61502990598129,1
43908,36.9740954430483,1
43909,23.8517507043034,1
43910,37.771584046204794,1
43911,165.884992104332,1
43913,50.07231555658879,1
43916,201.807133568911,1
43917,20.479402019066,1
43918,39.2562993819209,1
43919,104.26793089558201,1
43920,36.275593573006795,1
43921,47.51253696179499,1
43922,87.9158414273089,1
43923,26.6984089555385,1
43924,16.2927971702981,1
43926,72.60801371815721,1
43927,48.69400098615829,1
43928,37.676893922278296,1
43929,35.336638679907296,1
43930,31.3182357277636,1
43931,37.492545395284296,1
43932,47.1585211608799,1
43934,77.3277923484523,1
43935,87.468084216672,1
43936,48.0119615951797,1
43937,27.173951361886505,1
43938,41.2795719361625,1
43939,42.0397433599935,1
43940,180.814538160819,1
43941,59.7248672817435,1
43942,73.7188467493141,1
44533,51.8665006834726,1
44538,47.184947083918,1
44539,23.927583189373497,1
44540,54.084544048533104,1
44643,8.86902865816468,1
44644,7.29844907173212,1
44645,9.132696093001133,1
44646,8.85663975147332,1
44647,8.68402224677241,1
44648,8.445532745935921,1
44649,7.967204453557299,1
44650,8.85698697163541,1
44651,9.342987300608133,1
44652,9.313996511378447,1
44653,8.860854171303881,1
44654,9.13604687447672,1
44655,10.1404209438899,1
44656,11.0576690508762,1
44657,11.2102972702809,1
44658,9.349787769649499,1
44659,9.75854310851666,1
44660,9.3531436735777,1
44661,8.1114963288543,1
44662,10.2893119429546,1
44663,8.78496490452024,1
44664,10.602138423212098,1
44665,10.1674208512287,1
44666,10.3835791724161,1
44667,10.467474934195199,1
44668,10.3993269616748,1
44669,10.7235324697046,1
44670,10.3877811436292,1
44671,10.098108709190699,1
44672,10.9763979008823,1
44673,10.9914244381936,1
44674,9.285816190670527,1
44675,9.97390379618297,1
44676,8.302646543272179,1
44677,11.134645265790999,1
44678,8.56331669156706,1
44679,9.33164443741218,1
44680,11.356625699927001,1
44681,10.0643049378969,1
44682,9.28109081878684,1
44683,9.751135191170633,1
44684,9.77574444501401,1
44685,10.429928027451401,1
44686,11.8125327756627,1
44687,11.570693009016097,1
44688,10.8426792807792,1
44689,11.418904969218099,1
44690,11.6265119619609,1
44691,10.1826074924904,1
44692,11.326763242256598,1
44693,9.227901126900713,1
44694,10.148007640710599,1
44695,10.154736155038801,1
44696,9.613761093763461,1
44697,11.4766334568991,1
44698,9.99705061122576,1
44699,10.2775840823057,1
44700,11.4425975996543,1
44701,11.794431551493002,1
44702,10.5083287809038,1
44703,9.30578737072439,1
44704,10.5504852642786,1
44705,9.21540796573565,1
44706,10.176320284197802,1
44707,10.2661189298009,1
44708,10.8553721452965,1
44709,10.897368838982999,1
44710,10.0427041492541,1
44711,12.2863491471467,1
44712,11.1424787801555,1
44713,10.883041430127001,1
44714,11.124895397360596,1
44715,11.1428641053659,1
44716,11.350597956960199,1
44717,10.1985955556389,1
44718,11.1244969708985,1
44719,10.586379506110099,1
44720,11.1399842038935,1
44721,10.591874867060001,1
44722,11.775841531956901,1
44723,10.584631389477801,1
44724,11.1269978084959,1
44725,11.271122712637696,1
44726,10.6411472379803,1
44727,11.634850613717802,1
44728,11.4496881110215,1
44729,12.822056744048501,1
44730,12.8211395395344,1
44731,12.083318821829,1
44732,11.9971199551487,1
44733,13.3343914373575,1
44734,11.046681837853699,1
44735,13.212317452943301,1
44736,12.0444368216678,1
44737,12.244161854098198,1
44738,11.3350195092687,1
44739,11.630944884433902,1
44740,12.6907751440742,1
44741,12.5459065176706,1
44742,11.646117558192199,1
44743,11.8520260759869,1
44744,13.1755073861588,1
44745,12.2010447353346,1
44746,10.759620374321802,1
44747,14.1788135466169,1
44748,13.5990759115399,1
44749,11.1756520229181,1
44750,13.7057265810744,1
44751,11.745019068099001,1
44752,13.9919385853192,1
44753,13.812498023316099,1
44754,13.1151073921089,1
44755,13.9168038022782,1
44756,14.705820313891197,1
44757,14.001212586729,1
44758,14.6601801588301,1
44759,9.677911376135132,1
44760,10.005156965804,1
44761,10.3152733365688,1
44762,10.4161525456531,1
44763,9.2810103290234,1
44764,9.844698753596788,1
44765,10.2735717967467,1
44766,10.413477530489,1
44767,9.90774194237908,1
44768,9.691976501982973,1
44769,11.201370387950499,1
44770,9.663110911145882,1
44771,11.5358358770727,1
44772,11.1122919102566,1
44773,11.8835238894418,1
44774,9.68465669294683,1
44775,10.6792500211977,1
44776,11.4974512543274,1
44777,10.9007170366072,1
44778,9.88836043394976,1
44779,8.8933655050348,1
44780,9.22132300959078,1
44781,9.799769741285301,1
44782,8.69935212839313,1
44783,9.93570072005531,1
44784,9.43550583952429,1
44785,10.1842117723511,1
44786,8.88554840695666,1
44787,10.147586654047,1
44788,9.64082292633832,1
44789,11.050119662478599,1
44790,8.40525581221476,1
44791,8.865464748853741,1
44792,9.513911053633473,1
44793,22.5865243337323,1
44794,23.4294083994873,1
44795,23.4246622545786,1
44796,20.3272301525795,1
44797,29.657349375678802,1
44798,34.776120433014,1
44799,30.5396135651297,1
44800,37.1261930041982,1
44850,5.82000971828712,1
44851,5.82000971828712,1
44852,46.5062336528369,1
44853,51.090261105213095,1
44854,44.0138837457087,1
44855,37.1124523895102,1
44856,35.1209222877418,1
44857,42.3937928337198,1
44858,36.64318146021821,1
44859,35.1573151309174,1
44860,44.65145988871671,1
44861,33.798705827198404,1
44862,36.0581083896297,1
44864,33.5900928923845,1
44865,29.809929693164396,1
44866,29.7547727734408,1
44867,38.2578186833494,1
44868,64.7943855812597,1
44869,50.0757297877058,1
44870,38.811611043742296,1
44871,28.4953072679347,1
44872,33.9893866010096,1
44873,32.3268782198517,1
44874,30.1470542301051,1
44875,50.2991936671314,1
44876,47.3193410480976,1
44877,37.464520395813,1
44878,46.1562343379978,1
44879,34.8979141196068,1
44880,35.9775898223206,1
44881,56.3468353769106,1
44882,60.681868472601394,1
44883,63.219312549354285,1
44884,41.8057994788446,1
44885,32.248624316340106,1
44886,25.3498217241565,1
44887,32.8636966194177,1
44888,30.1588911829046,1
44889,31.896623218607697,1
44890,34.860750261430695,1
44891,54.598473753120295,1
44892,35.344709415131,1
44893,47.2193418344577,1
44894,31.514956421247202,1
44903,18.254169140729,1
44904,18.179331923394,1
44905,11.8398286853218,1
44906,17.674205564292397,1
44907,11.596748880061,1
44908,14.655934037943098,1
44909,10.6606908027302,1
44910,19.4069215349988,1
44911,16.2550028330887,1
44912,13.3903815432165,1
44913,17.2806192727577,1
44914,13.843456296134601,1
44915,17.0574518120321,1
44916,15.801628646819001,1
44917,12.4816923187107,1
44918,15.1088028084095,1
44919,11.84726938282,1
44920,16.89816141004,1
44921,5.995666686086509,1
44922,9.595513796960539,1
44923,7.5063548670990805,1
44924,8.10115154669848,1
44925,9.64140454080449,1
44926,12.6089896011504,1
44927,6.6485683656270504,1
44928,5.01596455348084,1
44929,9.87940314041407,1
44930,12.114362823173304,1
44931,8.459937872311551,1
44932,18.892472719302198,1
44933,15.979258674662,1
44934,18.8689487718402,1
44935,18.5070643777678,1
44936,18.8256897124792,1
44937,18.6112688770947,1
44938,18.7298769303171,1
44939,21.1303633982267,1
44940,21.493664768533,1
44941,21.124515477966106,1
44942,21.0489201576222,1
44943,18.6709044471099,1
44944,21.6237088979942,1
44945,22.135775480852605,1
44946,18.798231800603197,1
44947,15.4922080648429,1
44948,13.1865180674829,1
44949,13.7118369891293,1
44950,15.183641122681598,1
44951,15.4825095285987,1
44952,14.3474058878894,1
44953,13.7614172605464,1
44954,12.4673799428672,1
44955,12.528386509637404,1
44956,15.634604051768301,1
44957,14.8025884055472,1
44958,17.0204387656865,1
44959,16.872278496702002,1
44960,15.358117536931601,1
44961,14.9487258011866,1
44962,16.0342328163685,1
44963,10.8152142285541,1
44964,10.124384794810501,1
44965,15.1228771211979,1
44966,17.2198734953809,1
44967,11.1189202508095,1
44968,33.5690311681043,1
44969,11.866924359047301,1
44970,11.8096998080246,1
44971,13.736152240357402,1
44972,29.436606142546506,1
44973,16.786674561763302,1
44974,22.8677591899365,1
44975,15.4555488786691,1
44976,16.2340888482615,1
44977,15.141055707777,1
44978,15.921175754729301,1
44979,13.374559138583601,1
44980,10.1663588215804,1
44981,29.1478985871925,1
44982,21.5031341029113,1
44983,24.699839511967,1
44984,10.1855471850943,1
44985,12.1638385254267,1
44986,24.1363450230447,1
44987,6.3396198494371,1
50559,19.41946199724089,1
53432,5.62149906189548,1
53533,18.0187149833816,1
53534,17.808773513915398,1
53535,20.65812990831661,1
53536,18.9309744191807,1
53537,17.5480585011373,1
53538,18.2536944649702,1
53539,19.687467878920103,1
53540,19.780613836239397,1
53541,19.75198339079489,1
53542,19.805429958237802,1
53543,18.3345607450157,1
53544,17.990641032330803,1
53545,18.135955812724198,1
53546,17.0256185981995,1
53547,14.117614996151199,1
53548,17.5422171249162,1
53549,18.770135754483302,1
53550,19.2504671153821,1
53551,19.5696917310542,1
53552,19.617601075934697,1
53553,19.4497584375321,1
53554,17.1545058788291,1
53555,18.4839426324012,1
53556,18.69198729267281,1
53557,18.8470504144919,1
53558,17.6274332840297,1
53559,16.8464964530082,1
53560,16.170474614659902,1
53561,17.174672584401602,1
53562,17.1392178098719,1
53563,13.2043757076633,1
53564,16.5743444142467,1
53565,14.0752375805031,1
53566,16.6983347362657,1
53567,15.424828091872001,1
53568,16.6313520000722,1
53569,16.4616254998962,1
53570,16.690162940543306,1
53571,19.551367315423697,1
53572,19.0226672599135,1
53573,18.8218971976612,1
53574,20.09967447444589,1
53575,20.3668609047426,1
53576,19.6388354321193,1
53577,19.159748825929803,1
53578,19.045214639000896,1
53579,16.9517768105554,1
53580,17.1465033829678,1
53581,14.1737150274463,1
53582,12.5362648238223,1
53583,13.543107321724,1
53584,13.751378891449699,1
53585,15.002028158187999,1
53586,15.5858249923732,1
53587,16.3337422997281,1
53588,17.2136662192847,1
53589,16.7167427641813,1
53590,15.6358880039868,1
53591,10.8970258064784,1
53592,14.640987423309696,1
53593,13.3752676794462,1
53594,13.986172654682699,1
53595,9.21782700363981,1
53596,9.600869292264347,1
53597,10.4321336175875,1
53598,9.0549352653916,1
53599,10.0740839408901,1
53600,10.512758323328699,1
53601,10.9075304601912,1
53602,10.6611928803304,1
53603,9.47706862816468,1
53604,12.741914570032305,1
53605,10.535931128618401,1
53606,10.3550816869494,1
53607,12.493553306575198,1
53608,12.388538675251999,1
53609,14.2603343349456,1
53610,15.3699527884437,1
53611,15.4024305210127,1
53612,12.3593965318548,1
53613,12.943574216233099,1
53614,24.5455388893265,1
53615,45.204597259943114,1
53616,54.041509421057995,1
53617,59.1811943068345,1
53618,20.5080172365907,1
53619,64.3145076640431,1
53620,55.494835786856,1
53621,65.8837595729142,1
53660,19.2355274546756,1
53661,15.6814345074067,1
53662,23.2938566694431,1
53663,18.5334100452045,1
53664,16.788168494341303,1
53665,26.5302767371885,1
53666,20.186244611908,1
53667,21.186383870051397,1
53668,21.3489326453886,1
53669,16.3896286914345,1
53670,13.3960916454774,1
53671,27.6970478130372,1
53672,21.3297486403285,1
53673,14.072029724380801,1
53674,19.5463585833187,1
53675,13.740982608009901,1
43858,6.2536107633313,1
43859,6.2536107633313,1
43860,6.2536107633313,1
43861,6.2536107633313,1
43862,6.2536107633313,1
43863,6.2536107633313,1
43864,6.2536107633313,1
43865,6.2536107633313,1
43866,6.2536107633313,1
43867,6.2536107633313,1
43868,6.2536107633313,1
43869,6.2536107633313,1
43870,6.2536107633313,1
60357,9.57176942162438,1
60358,9.57176942162438,1
60359,9.57176942162438,1
60360,9.57176942162438,1
60361,9.57176942162438,1
60362,9.57176942162438,1
60363,9.57176942162438,1
60364,9.57176942162438,1
60365,9.57176942162438,1
60366,9.57176942162438,1
60367,9.57176942162438,1
60368,9.57176942162438,1
60369,9.57176942162438,1
60370,9.57176942162438,1
3539,4.8290578089324905,1
60371,9.57176942162438,1
60372,9.57176942162438,1
60886,4.8290578089324905,1
60887,4.8290578089324905,1
60373,9.57176942162438,1
60374,9.57176942162438,1
60376,9.57176942162438,1
60377,11.6060873340217,1
60892,91.4971586392639,1
60893,91.4971586392639,1
60378,11.6060873340217,1
60379,11.6060873340217,1
60896,91.4971586392639,1
60380,11.6060873340217,1
60381,11.6060873340217,1
60382,11.6060873340217,1
60383,11.6060873340217,1
60384,11.6060873340217,1
60385,11.6060873340217,1
60386,11.6060873340217,1
60387,11.6060873340217,1
60388,11.6060873340217,1
60389,11.6060873340217,1
60390,11.6060873340217,1
60391,11.6060873340217,1
60392,11.6060873340217,1
